Employee ID,Last Name,Middle Name,First Name,Marital Status,Home Address,Current Address,Birthday,Gender,Nationality,Shirt Size,Email Address,Mobile Number,Hired On,Employment Type,Position,Group,Line,Department,Section,Image File,SSS Number,Pagibig,Philhealth,TIN,Drivers License,National ID,Passport,HMO,HMO Number,Salary Rate,Salary Type
ABC00001,Smith,Marie,Ethan,Married,"111 Guava Court, Barangay Guadalupe, Cebu City, Cebu","112 Guava Court, Barangay Guadalupe, Cebu City, Cebu",15/07/1990,Male,Filipino,M,smith@example.com,9274884134,22/06/2022,Project Based,Driver,Packaging,Line 1,Accounting,QA Control,,10-65985623-99,1023-4567-8090,0102-5131-5642,25-65985623-56,26-65985623-56,60-87654321-49,28-69583265-78,Intellicare,911-87726-04,20000,Monthly
ABC00002,Johnson,Elizabeth,Ava,Married,"999 Avocado Road, Barangay Lahug, Cebu City, Cebu","1000 Avocado Road, Barangay Lahug, Cebu City, Cebu",16/07/1990,Male,Filipino,M,johnson@example.com,,22/06/2022,Project Based,Driver,Packaging,Line 1,Accounting,QA Control,,11-87654321-98,8653-4567-8090,8788-1797-1208,36-45982635-67,48-63592856-98,61-13579246-48,39-85362589-91,Intellicare,912-87726-04,20000,Monthly
ABC00003,Williams,Grace,Noah,Married,"888 Watermelon Lane, Barangay Banilad, Cebu City, Cebu","889 Watermelon Lane, Barangay Banilad, Cebu City, Cebu",17/07/1990,Male,Filipino,M,williams@example.com,,22/06/2022,Project Based,Driver,Packaging,Line 1,Accounting,QA Control,,12-12345678-97,1967-4567-8090,8889-2808-2319,41-56983526-38,55-89256325-21,62-24681357-47,47-92583652-14,Intellicare,913-87726-04,20000,Monthly
ABC00004,Jones,James,Olivia,Married,"777 Pine Street, Barangay Poblacion, Davao City, Davao del Sur","778 Pine Street, Barangay Poblacion, Davao City, Davao del Sur",18/07/1990,Male,Filipino,M,jones@example.com,,22/06/2022,Project Based,Driver,Packaging,Line 1,Accounting,QA Control,,13-98765432-96,5834-4567-8090,8990-3919-3420,58-35986542-77,70-53962586-44,63-98765432-46,56-36598528-36,Intellicare,914-87726-04,20000,Monthly
ABC00005,Brown,Michael,Liam,Married,"666 Mango Street, Barangay Lahug, Cebu City, Cebu","667 Mango Street, Barangay Lahug, Cebu City, Cebu",19/07/1990,Male,Filipino,M,brown@example.com,,22/06/2022,Project Based,Driver,Packaging,Line 1,Accounting,QA Control,,14-24681357-95,4702-4567-8090,9091-4020-4531,69-96885253-89,81-89526352-66,64-31415926-45,68-89526353-59,Intellicare,915-87726-04,20000,Monthly
ABC00006,Davis,Anne,Emma,Married,"555 Apple Drive, Barangay Talamban, Cebu City, Cebu","556 Apple Drive, Barangay Talamban, Cebu City, Cebu",20/07/1990,Male,Filipino,M,davis@example.com,,22/06/2022,Project Based,Driver,Packaging,Line 1,Accounting,QA Control,,15-13579246-94,3185-4567-8090,9192-5131-5642,72-98526539-91,98-32598652-89,65-27182818-44,76-53928562-71,Intellicare,916-87726-04,20000,Monthly
ABC00007,Miller,Lee,Jackson,Married,"444 Banana Avenue, Barangay Ayala Center, Makati City, Metro Manila","445 Banana Avenue, Barangay Ayala Center, Makati City, Metro Manila",21/07/1990,Male,Filipino,M,miller@example.com,,22/06/2022,Project Based,Driver,Packaging,Line 1,Accounting,QA Control,,16-31415926-93,1789-4567-8090,9293-6242-6753,84-75982635-44,07-58623598-11,66-77777777-43,83-92856325-93,Intellicare,917-87726-04,20000,Monthly
ABC00008,Wilson,Rose,Sophia,Married,"333 Pineapple Road, Barangay Kapitolyo, Pasig City, Metro Manila","334 Pineapple Road, Barangay Kapitolyo, Pasig City, Metro Manila",22/07/1990,Male,Filipino,M,wilson@example.com,,22/06/2022,Project Based,Driver,Packaging,Line 1,Accounting,QA Control,,17-27182818-92,4321-4567-8090,9394-7353-7864,93-68525986-22,18-69583256-33,67-88888888-42,95-35982568-16,Intellicare,918-87726-04,20000,Monthly
ABC00009,Anderson,Alexander,Aiden,Married,"222 Papaya Drive, Barangay Talamban, Cebu City, Cebu","223 Papaya Drive, Barangay Talamban, Cebu City, Cebu",23/07/1990,Male,Filipino,M,anderson@example.com,,22/06/2022,Project Based,Driver,Packaging,Line 1,Accounting,QA Control,,18-77777777-91,9876-4567-8090,9495-8464-8975,10-59238656-83,32-25896352-56,68-99999999-41,02-82593658-38,Intellicare,919-87726-04,20000,Monthly
ABC00010,Taylor,Olivia,Isabella,Married,"111 Coconut Lane, Barangay Poblacion, Makati City, Metro Manila","112 Coconut Lane, Barangay Poblacion, Makati City, Metro Manila",24/07/1990,Male,Filipino,M,taylor@example.com,,22/06/2022,Project Based,Driver,Packaging,Line 1,Accounting,QA Control,,19-88888888-90,5432-4567-8090,9596-9575-9086,16-89526395-35,41-36598526-78,69-11111111-40,17-96523825-41,Intellicare,920-87726-04,30000,Monthly
ABC00011,Thomas,David,Lucas,Married,"999 Durian Street, Barangay Ayala Alabang, Muntinlupa City, Metro Manila","1000 Durian Street, Barangay Ayala Alabang, Muntinlupa City, Metro Manila",25/07/1990,Male,Filipino,M,thomas@example.com,,22/06/2022,Project Based,Driver,Packaging,Line 1,Accounting,QA Control,,20-99999999-89,7654-4567-8090,9697-0686-0197,27-36585928-48,58-95863259-91,70-22222222-39,25-82596532-63,Intellicare,921-87726-04,30000,Monthly
ABC00012,Jackson,Nicole,Mia,Married,"888 Guava Court, Barangay Guadalupe, Cebu City, Cebu","889 Guava Court, Barangay Guadalupe, Cebu City, Cebu",26/07/1990,Male,Filipino,M,jackson@example.com,,22/06/2022,Project Based,Driver,Packaging,Line 1,Accounting,QA Control,,21-11111111-88,2468-4567-8090,9798-1797-1208,38-96528653-59,68-69583258-14,71-33333333-38,34-63592856-86,Intellicare,922-87726-04,30000,Monthly
ABC00013,White,Thomas,Caden,Single,"777 Avocado Road, Barangay Lahug, Cebu City, Cebu","778 Avocado Road, Barangay Lahug, Cebu City, Cebu",27/07/1990,Male,Filipino,M,white@example.com,,22/06/2022,Project Based,Driver,Packaging,Line 1,Accounting,QA Control,,22-22222222-87,1357-4567-8090,9899-2808-2319,49-32585968-71,75-85362598-36,72-44444444-37,45-89256359-98,Intellicare,923-87726-04,30000,Monthly
ABC00014,Harris,Victoria,Charlotte,Single,"666 Watermelon Lane, Barangay Banilad, Cebu City, Cebu","667 Watermelon Lane, Barangay Banilad, Cebu City, Cebu",28/07/1990,Male,Filipino,M,harris@example.com,,22/06/2022,Project Based,Driver,Packaging,Line 1,Accounting,QA Control,,23-33333333-86,8642-4567-8090,9900-3919-3420,57-98526359-93,89-92583652-59,73-55555555-36,54-53962586-21,Intellicare,924-87726-04,30000,Monthly
ABC00015,Martin,Joseph,Elijah,Single,"555 Pine Street, Barangay Poblacion, Davao City, Davao del Sur","556 Pine Street, Barangay Poblacion, Davao City, Davao del Sur",29/07/1990,Male,Filipino,M,martin@example.com,,22/06/2022,Project Based,Driver,Packaging,Line 1,Accounting,QA Control,,24-44444444-85,5192-4567-8090,0001-4020-4531,64-86525938-26,97-36598523-71,74-66666666-35,66-89526325-44,Intellicare,925-87726-04,30000,Monthly
ABC00016,Thompson,Claire,Amelia,Single,"444 Mango Street, Barangay Lahug, Cebu City, Cebu","445 Mango Street, Barangay Lahug, Cebu City, Cebu",30/07/1990,Male,Filipino,M,thompson@example.com,,22/06/2022,Project Based,Assistant Supervisor,Packaging,Line 1,Accounting,QA Control,,25-55555555-84,2785-4567-8090,0203-6242-6753,78-92536586-57,09-89526356-93,75-12345678-34,73-32598652-66,Intellicare,926-87726-04,30000,Monthly
ABC00017,Garcia,Christopher,Benjamin,Single,"333 Apple Drive, Barangay Talamban, Cebu City, Cebu","334 Apple Drive, Barangay Talamban, Cebu City, Cebu",31/07/1990,Male,Filipino,M,garcia@example.com,,23/06/2022,Project Based,Assistant Supervisor,Packaging,Line 1,Accounting,QA Control,,26-66666666-83,6214-4567-8090,0304-7353-7864,89-62598653-69,24-53928562-16,76-87654321-33,86-58623598-89,Intellicare,927-87726-04,30000,Monthly
ABC00018,Martinez,Emily,Harper,Single,"222 Banana Avenue, Barangay Ayala Center, Makati City, Metro Manila","223 Banana Avenue, Barangay Ayala Center, Makati City, Metro Manila",01/08/1990,Male,Filipino,M,martinez@example.com,,24/06/2022,Project Based,Assistant Supervisor,Packaging,Line 1,Accounting,QA Control,,27-12345678-82,3928-4567-8090,0405-8464-8975,91-29586325-74,36-92856325-38,77-13579246-32,90-69583256-11,Intellicare,928-87726-04,30000,Monthly
ABC00019,Robinson,Andrew,Mason,Single,"111 Pineapple Road, Barangay Kapitolyo, Pasig City, Metro Manila","112 Pineapple Road, Barangay Kapitolyo, Pasig City, Metro Manila",02/08/1990,Male,Filipino,M,robinson@example.com,,25/06/2022,Project Based,Assistant Supervisor,Packaging,Line 1,Accounting,QA Control,,28-87654321-81,8042-4567-8090,0506-9575-9086,05-86925368-19,49-35982568-41,78-24681357-31,06-25896352-33,Intellicare,929-87726-04,30000,Monthly
ABC00020,Clark,Sophia,Evelyn,Single,"999 Papaya Drive, Barangay Talamban, Cebu City, Cebu","1000 Papaya Drive, Barangay Talamban, Cebu City, Cebu",03/08/1990,Male,Filipino,M,,,26/06/2022,Project Based,Assistant Supervisor,External,Line 1,Accounting,QA Control,,29-13579246-80,1579-4567-8090,0607-0686-0197,14-95863259-41,25-82596532-63,79-98765432-30,19-36598526-56,Intellicare,930-87726-04,30000,Monthly
ABC00021,Rodriguez,William,Oliver,Single,"888 Coconut Lane, Barangay Poblacion, Makati City, Metro Manila","889 Coconut Lane, Barangay Poblacion, Makati City, Metro Manila",04/08/1990,Male,Filipino,M,rodriguez@example.com,,27/06/2022,Project Based,Assistant Supervisor,External,Line 2,Sales,Assembly,,30-24681357-79,9362-4567-8090,0708-1797-1208,23-69583256-66,34-63592856-86,80-31415926-29,26-95863259-78,Intellicare,931-87726-04,30000,Monthly
ABC00022,Lewis,Harper,Abigail,Single,"777 Durian Street, Barangay Ayala Alabang, Muntinlupa City, Metro Manila","778 Durian Street, Barangay Ayala Alabang, Muntinlupa City, Metro Manila",05/08/1990,Male,Filipino,M,lewis@example.com,,28/06/2022,Project Based,Assistant Supervisor,External,Line 2,Sales,Assembly,,31-98765432-78,8451-4567-8090,0809-2808-2319,31-85625983-88,45-89256359-98,81-27182818-28,37-69583258-91,Intellicare,932-87726-04,30000,Monthly
ABC00023,Lee,Robert,Alexander,Single,"666 Guava Court, Barangay Guadalupe, Cebu City, Cebu","667 Guava Court, Barangay Guadalupe, Cebu City, Cebu",06/08/1990,Male,Filipino,M,lee@example.com,,29/06/2022,Project Based,Assistant Supervisor,External,Line 2,Sales,Assembly,,32-31415926-77,7039-4567-8090,0910-3919-3420,46-58623589-11,54-53962586-21,82-77777777-27,50-85362593-14,Intellicare,933-87726-04,30000,Monthly
ABC00024,Walker,Ava,Emily,Single,"555 Avocado Road, Barangay Lahug, Cebu City, Cebu","556 Avocado Road, Barangay Lahug, Cebu City, Cebu",07/08/1990,Male,Filipino,M,walker@example.com,,30/06/2022,Project Based,Assistant Supervisor,External,Line 2,Sales,Assembly,,33-27182818-76,6975-4567-8090,1011-4020-4531,52-82693558-32,66-89526325-44,83-88888888-26,59-92583652-36,Intellicare,934-87726-04,30000,Monthly
ABC00025,Hall,Daniel,William,Single,"444 Watermelon Lane, Barangay Banilad, Cebu City, Cebu","445 Watermelon Lane, Barangay Banilad, Cebu City, Cebu",08/08/1990,Male,Filipino,M,hall@example.com,,01/07/2022,Project Based,Assistant Supervisor,External,Line 2,Sales,Assembly,,34-77777777-75,4562-4567-8090,1112-5131-5642,63-35958268-54,73-32598652-66,84-99999999-25,74-36598523-59,Intellicare,935-87726-04,30000,Monthly
ABC00026,Allen,Lily,Elizabeth,Single,"333 Pine Street, Barangay Poblacion, Davao City, Davao del Sur","334 Pine Street, Barangay Poblacion, Davao City, Davao del Sur",09/08/1990,Male,Filipino,M,allen@example.com,,02/07/2022,Probationary,Assistant Supervisor,External,Line 2,Sales,Assembly,,35-88888888-74,2987-4567-8090,1213-6242-6753,71-69583582-76,86-58623598-89,85-11111111-24,80-89526356-71,Eastwest Health Care,936-87726-04,30000,Monthly
ABC00027,Young,Benjamin,James,Divorced,"222 Mango Street, Barangay Lahug, Cebu City, Cebu","223 Mango Street, Barangay Lahug, Cebu City, Cebu",10/08/1990,Male,Filipino,M,young@example.com,,03/07/2022,Probationary,Assistant Supervisor,External,Line 2,Sales,Assembly,,36-99999999-73,6874-4567-8090,1314-7353-7864,87-25869536-98,90-69583256-11,86-22222222-23,94-53928562-93,Eastwest Health Care,937-87726-04,30000,Monthly
ABC00028,Hernandez,Amelia,Sofia,Divorced,"111 Apple Drive, Barangay Talamban, Cebu City, Cebu","112 Apple Drive, Barangay Talamban, Cebu City, Cebu",11/08/1990,Male,Filipino,M,hernandez@example.com,,04/07/2022,Probationary,Assistant Supervisor,External,Line 2,Sales,Assembly,,37-11111111-72,1689-4567-8090,1415-8464-8975,92-59632856-23,06-25896352-33,87-33333333-22,99-92856325-16,Eastwest Health Care,938-87726-04,30000,Monthly
ABC00029,King,Matthew,Henry,Divorced,"999 Banana Avenue, Barangay Ayala Center, Makati City, Metro Manila","1000 Banana Avenue, Barangay Ayala Center, Makati City, Metro Manila",12/08/1990,Male,Filipino,M,king@example.com,,05/07/2022,Probationary,Assistant Supervisor,External,Line 2,Sales,Assembly,,38-22222222-71,9874-4567-8090,1516-9575-9086,04-83592586-45,19-36598526-56,88-44444444-21,08-35982568-38,Eastwest Health Care,939-87726-04,30000,Monthly
ABC00030,Wright,Abigail,Avery,Divorced,"888 Pineapple Road, Barangay Kapitolyo, Pasig City, Metro Manila","889 Pineapple Road, Barangay Kapitolyo, Pasig City, Metro Manila",13/08/1990,Male,Filipino,M,wright@example.com,,06/07/2022,Probationary,Assistant Supervisor,External,Line 2,Sales,Assembly,,39-33333333-70,3245-4567-8090,1617-0686-0197,11-26935852-68,26-95863259-78,89-55555555-20,20-82593658-41,Eastwest Health Care,940-87726-04,40000,Monthly
ABC00031,Lopez,Charles,Sebastian,Divorced,"777 Papaya Drive, Barangay Talamban, Cebu City, Cebu","778 Papaya Drive, Barangay Talamban, Cebu City, Cebu",14/08/1990,Female,Filipino,S,lopez@example.com,,07/07/2022,Probationary,Supervisor,External,Line 2,Sales,Assembly,,40-44444444-69,8407-4567-8090,1718-1797-1208,22-85362598-79,37-69583258-91,90-66666666-19,29-96523825-63,Eastwest Health Care,941-87726-04,40000,Monthly
ABC00032,Hill,Evelyn,Ella,Divorced,"666 Coconut Lane, Barangay Poblacion, Makati City, Metro Manila","667 Coconut Lane, Barangay Poblacion, Makati City, Metro Manila",15/08/1990,Female,Filipino,S,hill@example.com,,07/07/2022,Probationary,Supervisor,External,Line 2,Sales,Assembly,,41-55555555-68,7625-4567-8090,1819-2808-2319,33-95285356-91,50-85362593-14,91-12345678-18,35-82596539-86,Eastwest Health Care,942-87726-04,40000,Monthly
ABC00033,Scott,Samuel,Joseph,Divorced,"123 Main Street, Barangay San Antonio, Quezon City, Metro Manila","124 Main Street, Barangay San Antonio, Quezon City, Metro Manila",16/08/1990,Female,Filipino,S,scott@example.com,,07/07/2022,Probationary,Supervisor,External,Line 2,Sales,Assembly,,42-66666666-67,3197-4567-8090,1920-3919-3420,43-32585629-14,59-92583652-36,92-87654321-17,48-63592856-98,Eastwest Health Care,943-87726-04,40000,Monthly
ABC00034,Green,Scarlett,Scarlett,Divorced,"456 Elm Avenue, Barangay Poblacion, Makati City, Metro Manila","457 Elm Avenue, Barangay Poblacion, Makati City, Metro Manila",17/08/1990,Female,Filipino,S,green@example.com,,07/07/2022,Probationary,Supervisor,External,Line 2,Sales,Assembly,,43-12345678-66,6452-4567-8090,2021-4020-4531,51-86539258-36,74-36598523-59,93-13579246-16,55-89256325-21,Eastwest Health Care,944-87726-04,40000,Monthly
ABC00035,Adams,Jonathan,Samuel,Divorced,"789 Oak Lane, Barangay Banilad, Cebu City, Cebu","790 Oak Lane, Barangay Banilad, Cebu City, Cebu",18/08/1990,Female,Filipino,S,adams@example.com,,07/07/2022,Probationary,Supervisor,External,Line 2,Sales,Assembly,,44-87654321-65,5263-4567-8090,2122-5131-5642,62-53928568-59,80-89526356-71,94-24681357-15,70-53962586-44,Eastwest Health Care,945-87726-04,40000,Monthly
ABC00036,Baker,Natalie,Victoria,Divorced,"321 Maple Court, Barangay Mabolo, Bacolod City, Negros Occidental","322 Maple Court, Barangay Mabolo, Bacolod City, Negros Occidental",19/08/1990,Female,Filipino,S,baker@example.com,,07/07/2022,Probationary,Supervisor,External,Line 2,Sales,Assembly,,45-13579246-64,7543-4567-8090,2223-6242-6753,75-92856325-71,94-53928562-93,95-98765432-14,81-89526352-66,Eastwest Health Care,946-87726-04,40000,Monthly
ABC00037,Gonzalez,Henry,Gabriel,Divorced,"987 Pine Road, Barangay Talamban, Cebu City, Cebu","988 Pine Road, Barangay Talamban, Cebu City, Cebu",20/08/1990,Female,Filipino,S,gonzalez@example.com,,07/07/2022,Probationary,Supervisor,Internal,Line 2,Sales,Assembly,,46-24681357-63,2187-4567-8090,2324-7353-7864,88-35982568-93,99-92856325-16,96-31415926-13,98-32598652-89,Eastwest Health Care,947-87726-04,40000,Monthly
ABC00038,Nelson,Chloe,Grace,Divorced,"654 Cedar Street, Barangay Ayala Alabang, Muntinlupa City, Metro Manila","655 Cedar Street, Barangay Ayala Alabang, Muntinlupa City, Metro Manila",21/08/1990,Female,Filipino,S,nelson@example.com,,07/07/2022,Probationary,Supervisor,Internal,Line 2,Sales,Assembly,,47-98765432-62,9312-4567-8090,2425-8464-8975,96-82563859-16,08-35982568-38,97-27182818-12,07-58623598-11,Eastwest Health Care,948-87726-04,40000,Monthly
ABC00039,Carter,George,Carter,Single,"876 Birch Avenue, Barangay Guadalupe, Cebu City, Cebu","877 Birch Avenue, Barangay Guadalupe, Cebu City, Cebu",22/08/1990,Female,Filipino,S,carter@example.com,,07/07/2022,Probationary,Supervisor,Internal,Line 2,Sales,Assembly,,48-31415926-61,6793-4567-8090,2526-9575-9086,03-96523856-38,20-82593658-41,98-77777777-11,18-69583256-33,Eastwest Health Care,949-87726-04,40000,Monthly
ABC00040,Mitchell,Madison,Chloe,Single,"543 Walnut Lane, Barangay Legaspi Village, Makati City, Metro Manila","544 Walnut Lane, Barangay Legaspi Village, Makati City, Metro Manila",23/08/1990,Female,Filipino,S,mitchell@example.com,,07/07/2022,Probationary,Supervisor,Internal,Line 2,Sales,Assembly,,49-27182818-60,2947-4567-8090,2627-0686-0197,15-82596538-41,29-96523825-63,99-88888888-10,32-25896352-56,Eastwest Health Care,950-87726-04,40000,Monthly
ABC00041,Perez,Edward,Matthew,Single,"210 Spruce Court, Barangay Kamuning, Quezon City, Metro Manila","211 Spruce Court, Barangay Kamuning, Quezon City, Metro Manila",24/08/1990,Female,Filipino,L,perez@example.com,,07/07/2022,Probationary,Supervisor,Internal,Line 3,Administration,Assembly,,50-77777777-59,5319-4567-8090,2728-1797-1208,21-63592856-63,35-82596539-86,25-68569352-56,41-36598526-78,Eastwest Health Care,951-87726-04,40000,Monthly
ABC00042,Roberts,Ella,Lily,Single,"111 Acacia Drive, Barangay Greenhills, San Juan City, Metro Manila","112 Acacia Drive, Barangay Greenhills, San Juan City, Metro Manila",25/08/1990,Female,Filipino,L,roberts@example.com,,07/07/2022,Probationary,Supervisor,Internal,Line 3,Administration,Assembly,,51-88888888-58,7496-4567-8090,2829-2808-2319,30-89256358-86,36-45982635-67,25-87123456-56,58-95863259-91,Eastwest Health Care,952-87726-04,40000,Monthly
ABC00043,Turner,Richard,Jayden,Single,"222 Palm Street, Barangay Lahug, Cebu City, Cebu","223 Palm Street, Barangay Lahug, Cebu City, Cebu",26/08/1990,Female,Filipino,L,turner@example.com,,08/07/2022,Probationary,Supervisor,Internal,Line 3,Administration,Assembly,,52-99999999-57,4827-4567-8090,2930-3919-3420,42-53962586-98,41-56983526-38,25-12874536-56,68-69583258-14,Eastwest Health Care,953-87726-04,40000,Monthly
ABC00044,Phillips,Stella,Zoey,Single,"333 Jasmine Lane, Barangay Poblacion, Davao City, Davao del Sur","334 Jasmine Lane, Barangay Poblacion, Davao City, Davao del Sur",27/08/1990,Female,Filipino,L,phillips@example.com,,09/07/2022,Probationary,Supervisor,Internal,Line 3,Administration,Assembly,,53-11111111-56,1763-4567-8090,3031-4020-4531,53-89526325-21,58-35986542-77,25-97654328-56,75-85362598-36,Eastwest Health Care,954-87726-04,40000,Monthly
ABC00045,Campbell,Anthony,David,Single,"444 Lily Road, Barangay Kapitolyo, Pasig City, Metro Manila","445 Lily Road, Barangay Kapitolyo, Pasig City, Metro Manila",28/08/1990,Female,Filipino,L,campbell@example.com,,10/07/2022,Probationary,Supervisor,Internal,Line 3,Administration,Assembly,,54-22222222-55,8975-4567-8090,3132-5131-5642,67-32598625-44,69-96885253-89,25-42678135-56,89-92583652-59,Eastwest Health Care,955-87726-04,40000,Monthly
ABC00046,Parker,Grace,Penelope,Single,"555 Sunflower Drive, Barangay Bagong Pag-asa, Quezon City, Metro Manila","556 Sunflower Drive, Barangay Bagong Pag-asa, Quezon City, Metro Manila",29/08/1990,Female,Filipino,L,parker@example.com,,11/07/2022,Probationary,HR Staff,Internal,Line 3,Administration,Assembly,,55-33333333-54,3489-4567-8090,3233-6242-6753,79-58623592-66,72-98526539-91,25-15792364-56,97-36598523-71,Eastwest Health Care,956-87726-04,40000,Monthly
ABC00047,Evans,Jacob,John,Single,"666 Orchid Street, Barangay Salcedo Village, Makati City, Metro Manila","667 Orchid Street, Barangay Salcedo Village, Makati City, Metro Manila",30/08/1990,Female,Filipino,L,evans@example.com,,12/07/2022,Probationary,HR Staff,Internal,Line 3,Administration,Assembly,,56-44444444-53,2058-4567-8090,3334-7353-7864,82-69583258-89,84-75982635-44,25-31519642-56,09-89526356-93,Philcare,957-87726-04,40000,Monthly
ABC00048,Edwards,Audrey,Layla,Single,"777 Rose Avenue, Barangay Madrigal Business Park, Muntinlupa City, Metro Manila","778 Rose Avenue, Barangay Madrigal Business Park, Muntinlupa City, Metro Manila",31/08/1990,Female,Filipino,L,edwards@example.com,,13/07/2022,Probationary,HR Staff,Internal,Line 3,Administration,Assembly,,57-55555555-52,7629-4567-8090,3435-8464-8975,97-25896352-11,93-68525986-22,25-21821878-56,24-53928562-16,Philcare,958-87726-04,40000,Monthly
ABC00049,Collins,Stephen,Luke,Single,"888 Tulip Lane, Barangay Talisay, Bacolod City, Negros Occidental","889 Tulip Lane, Barangay Talisay, Bacolod City, Negros Occidental",01/09/1990,Female,Filipino,L,collins@example.com,,14/07/2022,Probationary,HR Staff,Internal,Line 3,Administration,Assembly,,58-66666666-51,6417-4567-8090,3536-9575-9086,01-36598526-33,10-59238656-83,25-77777777-56,36-92856325-38,Philcare,959-87726-04,40000,Monthly
ABC00050,Stewart,Hazel,Riley,Single,"999 Daisy Court, Barangay Lahug, Cebu City, Cebu","1000 Daisy Court, Barangay Lahug, Cebu City, Cebu",02/09/1990,Female,Filipino,L,stewart@example.com,,15/07/2022,Probationary,HR Staff,Internal,Line 3,Administration,Assembly,,59-12345678-50,5076-4567-8090,3637-0686-0197,13-95863295-56,16-89526395-35,25-88888888-56,49-35982568-41,Philcare,960-87726-04,40000,Monthly
ABC00051,Sanchez,Patrick,Daniel,Single,"777 Pineapple Road, Barangay Ayala Center, Makati City, Metro Manila","778 Pineapple Road, Barangay Ayala Center, Makati City, Metro Manila",03/09/1990,Female,Filipino,XL,sanchez@example.com,,16/07/2022,Probationary,HR Staff,Internal,Line 3,Administration,Assembly,,60-87654321-49,2897-4567-8090,3738-1797-1208,28-69583265-78,27-36585928-48,10-65985623-99,25-65985623-56,Philcare,961-87726-04,40000,Monthly
ABC00052,Morris,Ruby,Mila,Single,"555 Mango Street, Barangay Guadalupe Nuevo, Makati City, Metro Manila","556 Mango Street, Barangay Guadalupe Nuevo, Makati City, Metro Manila",04/09/1990,Female,Filipino,XL,morris@example.com,,17/07/2022,Probationary,HR Staff,Internal,Line 3,Administration,Assembly,,61-13579246-48,9245-4567-8090,3839-2808-2319,39-85362589-91,38-96528653-59,11-87654321-98,36-45982635-67,Philcare,962-87726-04,40000,Monthly
ABC00053,Rogers,Philip,Dylan,Single,"444 Banana Avenue, Barangay Kapitolyo, Pasig City, Metro Manila","445 Banana Avenue, Barangay Kapitolyo, Pasig City, Metro Manila",05/09/1990,Female,Filipino,XL,rogers@example.com,,18/07/2022,Regular,HR Staff,Warehouse,Line 3,Administration,Assembly,,62-24681357-47,3178-4567-8090,3940-3919-3420,47-92583652-14,49-32585968-71,12-12345678-97,41-56983526-38,Philcare,963-87726-04,40000,Monthly
ABC00054,Reed,Alice,Nora,Single,"333 Papaya Drive, Barangay Poblacion, Davao City, Davao del Sur","334 Papaya Drive, Barangay Poblacion, Davao City, Davao del Sur",06/09/1990,Female,Filipino,XS,reed@example.com,,19/07/2022,Regular,HR Staff,Warehouse,Line 3,Administration,Assembly,,63-98765432-46,6834-4567-8090,4041-4020-4531,56-36598528-36,57-98526359-93,13-98765432-96,58-35986542-77,Philcare,964-87726-04,40000,Monthly
ABC00055,Cook,Timothy,Isaac,Single,"222 Coconut Lane, Barangay Lahug, Cebu City, Cebu","223 Coconut Lane, Barangay Lahug, Cebu City, Cebu",07/09/1990,Female,Filipino,XS,cook@example.com,,20/07/2022,Regular,HR Staff,Warehouse,Line 3,Administration,Assembly,,64-31415926-45,8916-4567-8090,4142-5131-5642,68-89526353-59,64-86525938-26,14-24681357-95,69-96885253-89,Philcare,965-87726-04,40000,Monthly
ABC00056,Morgan,Penelope,Aubrey,Single,"111 Durian Street, Barangay Talamban, Cebu City, Cebu","112 Durian Street, Barangay Talamban, Cebu City, Cebu",08/09/1990,Female,Filipino,XS,morgan@example.com,,21/07/2022,Regular,HR Staff,Warehouse,Line 3,Administration,Assembly,,65-27182818-44,5129-4567-8090,4243-6242-6753,76-53928562-71,78-92536586-57,15-13579246-94,72-98526539-91,Philcare,966-87726-04,40000,Monthly
ABC00057,Bell,Vincent,Anthony,Single,"999 Guava Court, Barangay Poblacion, Makati City, Metro Manila","1000 Guava Court, Barangay Poblacion, Makati City, Metro Manila",09/09/1990,Female,Filipino,XS,bell@example.com,,22/07/2022,Regular,HR Staff,Warehouse,Line 3,Administration,Assembly,,66-77777777-43,4572-4567-8090,4344-7353-7864,83-92856325-93,89-62598653-69,16-31415926-93,84-75982635-44,Philcare,967-87726-04,18000,Monthly
ABC00058,Murphy,Harper,Lillian,Single,"888 Avocado Road, Barangay Ayala Alabang, Muntinlupa City, Metro Manila","889 Avocado Road, Barangay Ayala Alabang, Muntinlupa City, Metro Manila",10/09/1990,Female,Filipino,XS,murphy@example.com,,23/07/2022,Regular,HR Staff,Warehouse,Line 3,Administration,Assembly,,67-88888888-42,7132-4567-8090,4445-8464-8975,95-35982568-16,91-29586325-74,17-27182818-92,93-68525986-22,Philcare,968-87726-04,18000,Monthly
ABC00059,Bailey,Christian,Andrew,Annulled,"777 Watermelon Lane, Barangay Guadalupe, Cebu City, Cebu","778 Watermelon Lane, Barangay Guadalupe, Cebu City, Cebu",11/09/1990,Female,Filipino,XXL,bailey@example.com,,24/07/2022,Regular,HR Staff,Warehouse,Line 3,Administration,Assembly,,68-99999999-41,6489-4567-8090,4546-9575-9086,02-82593658-38,05-86925368-19,18-77777777-91,10-59238656-83,Philcare,969-87726-04,18000,Monthly
ABC00060,Rivera,Quinn,Lucy,Annulled,"666 Pine Street, Barangay Lahug, Cebu City, Cebu","667 Pine Street, Barangay Lahug, Cebu City, Cebu",12/09/1990,Female,Filipino,XXL,rivera@example.com,,25/07/2022,Regular,Staff,Warehouse,Line 3,Administration,Assembly,,69-11111111-40,5763-4567-8090,4647-0686-0197,17-96523825-41,14-95863259-41,19-88888888-90,16-89526395-35,Philcare,970-87726-04,18000,Monthly
ABC00061,Cooper,Scott,Caleb,Annulled,"555 Apple Drive, Barangay Banilad, Cebu City, Cebu","556 Apple Drive, Barangay Banilad, Cebu City, Cebu",13/09/1990,Female,Filipino,XXL,cooper@example.com,,26/07/2022,Regular,Staff,Warehouse,Line 4,Manufacturing,Assembly,,70-22222222-39,9574-4567-8090,4748-1797-1208,25-82596532-63,30-89256358-86,20-99999999-89,27-36585928-48,Philcare,971-87726-04,18000,Monthly
ABC00062,Cox,Aurora,Hannah,Annulled,"444 Mango Street, Barangay Poblacion, Davao City, Davao del Sur","445 Mango Street, Barangay Poblacion, Davao City, Davao del Sur",14/09/1990,Female,Filipino,XXL,cox@example.com,,26/07/2022,Regular,Staff,Warehouse,Line 4,Manufacturing,Assembly,,71-33333333-38,8314-4567-8090,4849-2808-2319,34-63592856-86,42-53962586-98,21-11111111-88,38-96528653-59,Philcare,972-87726-04,18000,Monthly
ABC00063,Howard,Aaron,Jack,Annulled,"333 Banana Avenue, Barangay Ayala Center, Makati City, Metro Manila","334 Banana Avenue, Barangay Ayala Center, Makati City, Metro Manila",15/09/1990,Female,Filipino,XXL,howard@example.com,,26/07/2022,Regular,Staff,Warehouse,Line 4,Manufacturing,Assembly,,72-44444444-37,2943-4567-8090,4950-3919-3420,45-89256359-98,53-89526325-21,22-22222222-87,49-32585968-71,Philcare,973-87726-04,18000,Monthly
ABC00064,Ward,Brooklyn,Stella,Annulled,"222 Pineapple Road, Barangay Kapitolyo, Pasig City, Metro Manila","223 Pineapple Road, Barangay Kapitolyo, Pasig City, Metro Manila",16/09/1990,Female,Filipino,XXL,ward@example.com,,26/07/2022,Regular,Staff,Warehouse,Line 4,Manufacturing,Assembly,,73-55555555-36,4076-4567-8090,5051-4020-4531,54-53962586-21,67-32598625-44,23-33333333-86,57-98526359-93,Philcare,974-87726-04,18000,Monthly
ABC00065,Torres,Jonathan,Nathan,Annulled,"111 Papaya Drive, Barangay Talamban, Cebu City, Cebu","112 Papaya Drive, Barangay Talamban, Cebu City, Cebu",17/09/1990,Female,Filipino,L,torres@example.com,,26/07/2022,Regular,Staff,Warehouse,Line 4,Manufacturing,Assembly,,74-66666666-35,9285-4567-8090,5152-5131-5642,66-89526325-44,79-58623592-66,24-44444444-85,64-86525938-26,Philcare,975-87726-04,18000,Monthly
ABC00066,Peterson,Riley,Brooklyn,Annulled,"999 Coconut Lane, Barangay Poblacion, Makati City, Metro Manila","1000 Coconut Lane, Barangay Poblacion, Makati City, Metro Manila",18/09/1990,Female,Filipino,L,peterson@example.com,,26/07/2022,Regular,Staff,Warehouse,Line 4,Manufacturing,Material Control,,75-12345678-34,8315-4567-8090,5253-6242-6753,73-32598652-66,82-69583258-89,25-55555555-84,78-92536586-57,Philcare,976-87726-04,18000,Monthly
ABC00067,Gray,Gabriel,Ryan,Annulled,"888 Durian Street, Barangay Ayala Alabang, Muntinlupa City, Metro Manila","889 Durian Street, Barangay Ayala Alabang, Muntinlupa City, Metro Manila",19/09/1990,Female,Filipino,L,gray@example.com,,26/07/2022,Regular,Staff,Warehouse,Line 4,Manufacturing,Material Control,,76-87654321-33,5248-4567-8090,5354-7353-7864,86-58623598-89,97-25896352-11,26-66666666-83,89-62598653-69,Philcare,977-87726-04,18000,Monthly
ABC00068,Ramirez,Leah,Leah,Annulled,"777 Guava Court, Barangay Guadalupe, Cebu City, Cebu","778 Guava Court, Barangay Guadalupe, Cebu City, Cebu",20/09/1990,Female,Filipino,L,ramirez@example.com,,26/07/2022,Regular,Staff,Warehouse,Line 4,Manufacturing,Material Control,,77-13579246-32,9647-4567-8090,5455-8464-8975,90-69583256-11,01-36598526-33,27-12345678-82,91-29586325-74,Philcare,978-87726-04,18000,Monthly
ABC00069,James,Alexander,Leo,Annulled,"666 Avocado Road, Barangay Lahug, Cebu City, Cebu","667 Avocado Road, Barangay Lahug, Cebu City, Cebu",21/09/1990,Female,Filipino,L,james@example.com,,26/07/2022,Regular,Staff,Warehouse,Line 4,Manufacturing,Material Control,,78-24681357-31,3709-4567-8090,5556-9575-9086,06-25896352-33,13-95863295-56,28-87654321-81,05-86925368-19,Philcare,979-87726-04,18000,Monthly
ABC00070,Watson,Savannah,Savannah,Annulled,"555 Watermelon Lane, Barangay Banilad, Cebu City, Cebu","556 Watermelon Lane, Barangay Banilad, Cebu City, Cebu",22/09/1990,Female,Filipino,L,watson@example.com,,26/07/2022,Regular,Staff,Warehouse,Line 4,Manufacturing,Material Control,,79-98765432-30,7284-4567-8090,5657-0686-0197,19-36598526-56,28-69583265-78,29-13579246-80,14-95863259-41,Philcare,980-87726-04,18000,Monthly
ABC00071,Brooks,Blake,Owen,Annulled,"444 Pine Street, Barangay Poblacion, Davao City, Davao del Sur","445 Pine Street, Barangay Poblacion, Davao City, Davao del Sur",23/09/1990,Female,Filipino,L,brooks@example.com,,26/07/2022,Regular,Staff,Warehouse,Line 4,Manufacturing,Material Control,,80-31415926-29,1963-4567-8090,5758-1797-1208,26-95863259-78,39-85362589-91,30-24681357-79,23-69583256-66,Maxicare,981-87726-04,18000,Monthly
ABC00072,Kelly,Ellie,Ellie,Married,"333 Mango Street, Barangay Lahug, Cebu City, Cebu","334 Mango Street, Barangay Lahug, Cebu City, Cebu",24/09/1990,Female,Filipino,L,kelly@example.com,,26/07/2022,Regular,Staff,Warehouse,Line 4,Manufacturing,Material Control,,81-27182818-28,6804-4567-8090,5859-2808-2319,37-69583258-91,47-92583652-14,31-98765432-78,31-85625983-88,Maxicare,982-87726-04,18000,Monthly
ABC00073,Sanders,Daniel,Julian,Married,"222 Apple Drive, Barangay Talamban, Cebu City, Cebu","223 Apple Drive, Barangay Talamban, Cebu City, Cebu",25/09/1990,Female,Filipino,L,sanders@example.com,,26/07/2022,Regular,Staff,Warehouse,Line 4,Manufacturing,Material Control,,82-77777777-27,5419-4567-8090,5960-3919-3420,50-85362593-14,56-36598528-36,32-31415926-77,46-58623589-11,Maxicare,983-87726-04,18000,Monthly
ABC00074,Price,Paisley,Hazel,Married,"111 Banana Avenue, Barangay Ayala Center, Makati City, Metro Manila","112 Banana Avenue, Barangay Ayala Center, Makati City, Metro Manila",26/09/1990,Female,Filipino,L,price@example.com,,27/07/2022,Regular,Staff,Staff,Line 4,Manufacturing,Material Control,,83-88888888-26,9173-4567-8090,6061-4020-4531,59-92583652-36,68-89526353-59,33-27182818-76,52-82693558-32,Maxicare,984-87726-04,18000,Monthly
ABC00075,Bennett,Lawrence,Aaron,Married,"999 Pineapple Road, Barangay Kapitolyo, Pasig City, Metro Manila","1000 Pineapple Road, Barangay Kapitolyo, Pasig City, Metro Manila",27/09/1990,Female,Filipino,L,bennett@example.com,,28/07/2022,Regular,Staff,Staff,Line 4,Manufacturing,Material Control,,84-99999999-25,7532-4567-8090,6162-5131-5642,74-36598523-59,76-53928562-71,34-77777777-75,63-35958268-54,Maxicare,985-87726-04,18000,Monthly
ABC00076,Wood,Harper,Natalie,Married,"888 Papaya Drive, Barangay Talamban, Cebu City, Cebu","889 Papaya Drive, Barangay Talamban, Cebu City, Cebu",28/09/1990,Female,Filipino,L,wood@example.com,,29/07/2022,Regular,Staff,Staff,Line 4,Manufacturing,Material Control,,85-11111111-24,3285-4567-8090,6263-6242-6753,80-89526356-71,83-92856325-93,35-88888888-74,71-69583582-76,Maxicare,986-87726-04,18000,Monthly
ABC00077,Barnes,Joel,Adrian,Married,"777 Coconut Lane, Barangay Poblacion, Makati City, Metro Manila","778 Coconut Lane, Barangay Poblacion, Makati City, Metro Manila",29/09/1990,Female,Filipino,L,barnes@example.com,,30/07/2022,Regular,Staff,Staff,Line 4,Manufacturing,Material Control,,86-22222222-23,4501-4567-8090,6364-7353-7864,94-53928562-93,95-35982568-16,36-99999999-73,87-25869536-98,Maxicare,987-87726-04,18000,Monthly
ABC00078,Ross,Seraphina,Claire,Married,"666 Durian Street, Barangay Ayala Alabang, Muntinlupa City, Metro Manila","667 Durian Street, Barangay Ayala Alabang, Muntinlupa City, Metro Manila",30/09/1990,Female,Filipino,L,ross@example.com,,31/07/2022,Regular,Staff,Staff,Line 4,Manufacturing,Material Control,,87-33333333-22,9812-4567-8090,6465-8464-8975,99-92856325-16,02-82593658-38,37-11111111-72,92-59632856-23,Maxicare,988-87726-04,18000,Monthly
ABC00079,Henderson,Jason,Jeremiah,Married,"555 Guava Court, Barangay Guadalupe, Cebu City, Cebu","556 Guava Court, Barangay Guadalupe, Cebu City, Cebu",01/10/1990,Female,Filipino,L,henderson@example.com,,01/08/2022,Regular,Staff,Staff,Line 4,Manufacturing,Material Control,,88-44444444-21,6184-4567-8090,6566-9575-9086,08-35982568-38,17-96523825-41,38-22222222-71,04-83592586-45,Maxicare,989-87726-04,18000,Monthly
ABC00080,Coleman,Willow,Audrey,Married,"444 Avocado Road, Barangay Lahug, Cebu City, Cebu","445 Avocado Road, Barangay Lahug, Cebu City, Cebu",02/10/1990,Female,Filipino,L,coleman@example.com,,02/08/2022,Regular,Staff,Staff,Line 4,Manufacturing,Material Control,,89-55555555-20,1753-4567-8090,6667-0686-0197,20-82593658-41,46-58623589-11,39-33333333-70,11-26935852-68,Maxicare,990-87726-04,24000,Monthly
ABC00081,Jenkins,Caleb,Charles,Married,"333 Watermelon Lane, Barangay Banilad, Cebu City, Cebu","334 Watermelon Lane, Barangay Banilad, Cebu City, Cebu",03/10/1990,Female,Filipino,L,jenkins@example.com,,03/08/2022,Regular,Staff,Staff,Line 5,Production,Material Control,,90-66666666-19,8792-4567-8090,6768-1797-1208,29-96523825-63,52-82693558-32,40-44444444-69,22-85362598-79,Maxicare,991-87726-04,24000,Monthly
ABC00082,Perry,Aurora,Maya,Married,"222 Pine Street, Barangay Poblacion, Davao City, Davao del Sur","223 Pine Street, Barangay Poblacion, Davao City, Davao del Sur",04/10/1990,Female,Filipino,L,perry@example.com,,03/08/2022,Regular,Staff,Staff,Line 5,Production,Material Control,,91-12345678-18,7698-4567-8090,6869-2808-2319,35-82596539-86,63-35958268-54,41-55555555-68,33-95285356-91,Maxicare,992-87726-04,24000,Monthly
ABC00083,Powell,Trevor,Eli,Married,"111 Mango Street, Barangay Lahug, Cebu City, Cebu","112 Mango Street, Barangay Lahug, Cebu City, Cebu",05/10/1990,Female,Filipino,L,powell@example.com,,03/08/2022,Regular,Staff,Staff,Line 5,Production,Material Control,,92-87654321-17,3514-4567-8090,6970-3919-3420,48-63592856-98,71-69583582-76,42-66666666-67,43-32585629-14,Maxicare,993-87726-04,24000,Monthly
ABC00084,Long,Eliza,Alice,Married,"999 Apple Drive, Barangay Talamban, Cebu City, Cebu","1000 Apple Drive, Barangay Talamban, Cebu City, Cebu",06/10/1990,Female,Filipino,L,long@example.com,,03/08/2022,Regular,Staff,Staff,Line 5,Production,Material Control,,93-13579246-16,4387-4567-8090,7071-4020-4531,55-89256325-21,87-25869536-98,43-12345678-66,51-86539258-36,Maxicare,994-87726-04,24000,Monthly
ABC00085,Patterson,Joshua,Cameron,Married,"888 Banana Avenue, Barangay Ayala Center, Makati City, Metro Manila","889 Banana Avenue, Barangay Ayala Center, Makati City, Metro Manila",07/10/1990,Female,Filipino,L,patterson@example.com,,03/08/2022,Regular,Staff,Staff,Line 5,Production,Material Control,,94-24681357-15,7029-4567-8090,7172-5131-5642,70-53962586-44,92-59632856-23,44-87654321-65,62-53928568-59,Maxicare,995-87726-04,24000,Monthly
ABC00086,Hughes,Maya,Jasmine,Married,"777 Pineapple Road, Barangay Kapitolyo, Pasig City, Metro Manila","778 Pineapple Road, Barangay Kapitolyo, Pasig City, Metro Manila",08/10/1990,Female,Filipino,L,hughes@example.com,,03/08/2022,Regular,Staff,Staff,Line 5,Production,Material Control,,95-98765432-14,6521-4567-8090,7273-6242-6753,81-89526352-66,04-83592586-45,45-13579246-64,75-92856325-71,Maxicare,996-87726-04,24000,Monthly
ABC00087,Flores,Cole,Connor,Married,"666 Papaya Drive, Barangay Talamban, Cebu City, Cebu","667 Papaya Drive, Barangay Talamban, Cebu City, Cebu",09/10/1990,Female,Filipino,M,flores@example.com,,03/08/2022,Regular,Staff,Staff,Line 5,Production,Material Control,,96-31415926-13,9571-4567-8090,7374-7353-7864,98-32598652-89,11-26935852-68,46-24681357-63,88-35982568-93,Maxicare,997-87726-04,24000,Monthly
ABC00088,Washington,Jade,Madeline,Married,"555 Coconut Lane, Barangay Poblacion, Makati City, Metro Manila","556 Coconut Lane, Barangay Poblacion, Makati City, Metro Manila",10/10/1990,Female,Filipino,M,washington@example.com,,03/08/2022,Regular,Staff,Staff,Line 5,Production,Material Control,,97-27182818-12,4187-4567-8090,7475-8464-8975,07-58623598-11,22-85362598-79,47-98765432-62,96-82563859-16,Maxicare,998-87726-04,24000,Monthly
ABC00089,Butler,Dominic,Hunter,Married,"444 Durian Street, Barangay Ayala Alabang, Muntinlupa City, Metro Manila","445 Durian Street, Barangay Ayala Alabang, Muntinlupa City, Metro Manila",11/10/1990,Female,Filipino,M,butler@example.com,,03/08/2022,Regular,Staff,Staff,Line 5,Production,Material Control,,98-77777777-11,1369-4567-8090,7576-9575-9086,18-69583256-33,33-95285356-91,48-31415926-61,03-96523856-38,Maxicare,999-87726-04,24000,Monthly
ABC00090,Simmons,Autumn,Alexa,Married,"333 Guava Court, Barangay Guadalupe, Cebu City, Cebu","334 Guava Court, Barangay Guadalupe, Cebu City, Cebu",12/10/1990,Female,Filipino,M,simmons@example.com,,03/08/2022,Regular,Staff,Staff,Line 5,Production,Material Control,,99-88888888-10,8457-4567-8090,7677-0686-0197,32-25896352-56,43-32585629-14,49-27182818-60,15-82596538-41,Maxicare,000-87726-04,24000,Monthly
ABC00091,Foster,Lucas,Henry,Married,"222 Avocado Road, Barangay Lahug, Cebu City, Cebu","223 Avocado Road, Barangay Lahug, Cebu City, Cebu",13/10/1990,Female,Filipino,M,foster@example.com,,03/08/2022,Regular,Staff,Staff,Line 5,Production,Material Control,,25-68569352-56,3726-4567-8090,7778-1797-1208,41-36598526-78,51-86539258-36,50-77777777-59,21-63592856-63,Maxicare,001-87726-04,24000,Monthly
ABC00092,Gonzales,Isabella,Samantha,Married,"111 Watermelon Lane, Barangay Banilad, Cebu City, Cebu","112 Watermelon Lane, Barangay Banilad, Cebu City, Cebu",14/10/1990,Female,Filipino,M,gonzales@example.com,,03/08/2022,Regular,Staff,Staff,Line 5,Production,Material Control,,25-87123456-56,9463-4567-8090,7879-2808-2319,58-95863259-91,62-53928568-59,51-88888888-58,30-89256358-86,Maxicare,002-87726-04,24000,Monthly
ABC00093,Bryant,Evan,Jeremiah,Married,"999 Pine Street, Barangay Poblacion, Davao City, Davao del Sur","1000 Pine Street, Barangay Poblacion, Davao City, Davao del Sur",15/10/1990,Female,Filipino,M,bryant@example.com,,03/08/2022,Regular,Staff,Staff,Line 5,Production,Material Control,,25-12874536-56,2134-4567-8090,7980-3919-3420,68-69583258-14,75-92856325-71,52-99999999-57,42-53962586-98,Maxicare,003-87726-04,24000,Monthly
ABC00094,Alexander,Quinn,Zoey,Married,"888 Mango Street, Barangay Lahug, Cebu City, Cebu","889 Mango Street, Barangay Lahug, Cebu City, Cebu",16/10/1990,Female,Filipino,M,alexander@example.com,,03/08/2022,Regular,Staff,Staff,Line 5,Production,Material Control,,25-97654328-56,6754-4567-8090,8081-4020-4531,75-85362598-36,88-35982568-93,53-11111111-56,53-89526325-21,Maxicare,004-87726-04,24000,Monthly
ABC00095,Russell,Peter,Evan,Married,"777 Apple Drive, Barangay Talamban, Cebu City, Cebu","778 Apple Drive, Barangay Talamban, Cebu City, Cebu",17/10/1990,Female,Filipino,M,russell@example.com,,03/08/2022,Regular,Staff,Staff,Line 5,Production,Material Control,,25-42678135-56,5681-4567-8090,8182-5131-5642,89-92583652-59,96-82563859-16,54-22222222-55,67-32598625-44,Maxicare,005-87726-04,24000,Monthly
ABC00096,Griffin,Juliette,Violet,Married,"666 Banana Avenue, Barangay Ayala Center, Makati City, Metro Manila","667 Banana Avenue, Barangay Ayala Center, Makati City, Metro Manila",18/10/1990,Female,Filipino,M,griffin@example.com,,03/08/2022,Regular,Staff,Staff,Line 5,Production,Material Control,,25-15792364-56,1782-4567-8090,8283-6242-6753,97-36598523-71,03-96523856-38,55-33333333-54,79-58623592-66,Maxicare,006-87726-04,24000,Monthly
ABC00097,Diaz,Miles,Adam,Married,"555 Pineapple Road, Barangay Kapitolyo, Pasig City, Metro Manila","556 Pineapple Road, Barangay Kapitolyo, Pasig City, Metro Manila",19/10/1990,Female,Filipino,M,diaz@example.com,,03/08/2022,Regular,Staff,Staff,Line 5,Production,Material Control,,25-31519642-56,3891-4567-8090,8384-7353-7864,09-89526356-93,15-82596538-41,56-44444444-53,82-69583258-89,Maxicare,007-87726-04,24000,Monthly
ABC00098,Hayes,Rosalie,Aria,Married,"444 Papaya Drive, Barangay Talamban, Cebu City, Cebu","445 Papaya Drive, Barangay Talamban, Cebu City, Cebu",20/10/1990,Female,Filipino,M,hayes@example.com,,03/08/2022,Regular,Staff,Staff,Line 5,Production,Material Control,,25-21821878-56,2746-4567-8090,8485-8464-8975,24-53928562-16,21-63592856-63,57-55555555-52,97-25896352-11,Maxicare,008-87726-04,24000,Monthly
ABC00099,Myers,Eric,Levi,Married,"333 Coconut Lane, Barangay Poblacion, Makati City, Metro Manila","334 Coconut Lane, Barangay Poblacion, Makati City, Metro Manila",21/10/1990,Male,Filipino,M,myers@example.com,,03/08/2022,Regular,Staff,Staff,Line 5,Production,Material Control,,25-77777777-56,4598-4567-8090,8586-9575-9086,36-92856325-38,23-69583256-66,58-66666666-51,01-36598526-33,Maxicare,009-87726-04,24000,Monthly
ABC00100,Ford,Faith,Ruby,Married,"222 Durian Street, Barangay Ayala Alabang, Muntinlupa City, Metro Manila","223 Durian Street, Barangay Ayala Alabang, Muntinlupa City, Metro Manila",22/10/1990,Male,Filipino,M,ford@example.com,,03/08/2022,Regular,Staff,Staff,Line 5,Production,Material Control,,25-88888888-56,7963-4567-8090,8687-0686-0197,49-35982568-41,31-85625983-88,59-12345678-50,13-95863295-56,Maxicare,010-87726-04,24000,Monthly
